title,artist,uri,danceability,energy,key,loudness,mode,speechiness,acousticness,instrumentalness,liveness,valence,tempo,type,id,uri,track_href,analysis_url,duration_ms,time_signature
Die With A Smile,"Lady Gaga, Bruno Mars",spotify:track:2plbrEY59IikOBgBGLjaoe,0.521,0.592,6,-7.777,0,0.0304,0.308,0.0,0.122,0.535,157.969,audio_features,2plbrEY59IikOBgBGLjaoe,spotify:track:2plbrEY59IikOBgBGLjaoe,https://api.spotify.com/v1/tracks/2plbrEY59IikOBgBGLjaoe,https://api.spotify.com/v1/audio-analysis/2plbrEY59IikOBgBGLjaoe,251668,3
APT.,"ROS√â, Bruno Mars",spotify:track:5vNRhkKd0yEAg8suGBpjeY,0.777,0.783,0,-4.477,0,0.26,0.0283,0.0,0.355,0.939,149.027,audio_features,5vNRhkKd0yEAg8suGBpjeY,spotify:track:5vNRhkKd0yEAg8suGBpjeY,https://api.spotify.com/v1/tracks/5vNRhkKd0yEAg8suGBpjeY,https://api.spotify.com/v1/audio-analysis/5vNRhkKd0yEAg8suGBpjeY,169917,4
Who,Jimin,spotify:track:7tI8dRuH2Yc6RuoTjxo4dU,0.66,0.756,0,-3.743,0,0.032,0.00289,0.0,0.193,0.838,116.034,audio_features,7tI8dRuH2Yc6RuoTjxo4dU,spotify:track:7tI8dRuH2Yc6RuoTjxo4dU,https://api.spotify.com/v1/tracks/7tI8dRuH2Yc6RuoTjxo4dU,https://api.spotify.com/v1/audio-analysis/7tI8dRuH2Yc6RuoTjxo4dU,170888,4
BIRDS OF A FEATHER,Billie Eilish,spotify:track:6dOtVTDdiauQNBQEDOtlAB,0.747,0.507,2,-10.171,1,0.0358,0.2,0.0608,0.117,0.438,104.978,audio_features,6dOtVTDdiauQNBQEDOtlAB,spotify:track:6dOtVTDdiauQNBQEDOtlAB,https://api.spotify.com/v1/tracks/6dOtVTDdiauQNBQEDOtlAB,https://api.spotify.com/v1/audio-analysis/6dOtVTDdiauQNBQEDOtlAB,210373,4
That‚Äôs So True,Gracie Abrams,spotify:track:7ne4VBA60CxGM75vw0EYad,0.554,0.808,1,-4.169,1,0.0368,0.214,0.0,0.159,0.372,108.548,audio_features,7ne4VBA60CxGM75vw0EYad,spotify:track:7ne4VBA60CxGM75vw0EYad,https://api.spotify.com/v1/tracks/7ne4VBA60CxGM75vw0EYad,https://api.spotify.com/v1/audio-analysis/7ne4VBA60CxGM75vw0EYad,166300,4
Tu Boda,"Oscar Maydon, Fuerza Regida",spotify:track:1cOboCuWYI2osTOfolMRS6,0.694,0.651,6,-6.968,1,0.0784,0.496,1.36e-05,0.0787,0.471,112.648,audio_features,1cOboCuWYI2osTOfolMRS6,spotify:track:1cOboCuWYI2osTOfolMRS6,https://api.spotify.com/v1/tracks/1cOboCuWYI2osTOfolMRS6,https://api.spotify.com/v1/audio-analysis/1cOboCuWYI2osTOfolMRS6,225881,3
Sailor Song,Gigi Perez,spotify:track:2262bWmqomIaJXwCRHr13j,0.494,0.413,11,-10.432,1,0.0254,0.682,6.72e-05,0.193,0.273,94.938,audio_features,2262bWmqomIaJXwCRHr13j,spotify:track:2262bWmqomIaJXwCRHr13j,https://api.spotify.com/v1/tracks/2262bWmqomIaJXwCRHr13j,https://api.spotify.com/v1/audio-analysis/2262bWmqomIaJXwCRHr13j,211979,4
Taste,Sabrina Carpenter,spotify:track:5G2f63n7IPVPPjfNIGih7Q,0.674,0.907,3,-4.086,1,0.064,0.101,0.0,0.297,0.721,112.964,audio_features,5G2f63n7IPVPPjfNIGih7Q,spotify:track:5G2f63n7IPVPPjfNIGih7Q,https://api.spotify.com/v1/tracks/5G2f63n7IPVPPjfNIGih7Q,https://api.spotify.com/v1/audio-analysis/5G2f63n7IPVPPjfNIGih7Q,157280,4
Espresso,Sabrina Carpenter,spotify:track:2HRqTpkrJO5ggZyyK6NPWz,0.699,0.776,0,-5.282,1,0.0293,0.131,5.36e-06,0.205,0.708,103.963,audio_features,2HRqTpkrJO5ggZyyK6NPWz,spotify:track:2HRqTpkrJO5ggZyyK6NPWz,https://api.spotify.com/v1/tracks/2HRqTpkrJO5ggZyyK6NPWz,https://api.spotify.com/v1/audio-analysis/2HRqTpkrJO5ggZyyK6NPWz,175459,4
WILDFLOWER,Billie Eilish,spotify:track:3QaPy1KgI7nu9FJEQUgn6h,0.467,0.247,6,-12.002,0,0.0431,0.612,0.000271,0.17,0.126,148.101,audio_features,3QaPy1KgI7nu9FJEQUgn6h,spotify:track:3QaPy1KgI7nu9FJEQUgn6h,https://api.spotify.com/v1/tracks/3QaPy1KgI7nu9FJEQUgn6h,https://api.spotify.com/v1/audio-analysis/3QaPy1KgI7nu9FJEQUgn6h,261467,4
"Good Luck, Babe!",Chappell Roan,spotify:track:0WbMK4wrZ1wFSty9F7FCgu,0.7,0.582,11,-5.96,0,0.0356,0.0502,0.0,0.0881,0.785,116.712,audio_features,0WbMK4wrZ1wFSty9F7FCgu,spotify:track:0WbMK4wrZ1wFSty9F7FCgu,https://api.spotify.com/v1/tracks/0WbMK4wrZ1wFSty9F7FCgu,https://api.spotify.com/v1/audio-analysis/0WbMK4wrZ1wFSty9F7FCgu,218424,4
Timeless (with Playboi Carti),"The Weeknd, Playboi Carti",spotify:track:1Es7AUAhQvapIcoh3qMKDL,0.769,0.722,11,-5.485,0,0.0507,0.0584,2.56e-06,0.111,0.57,119.973,audio_features,1Es7AUAhQvapIcoh3qMKDL,spotify:track:1Es7AUAhQvapIcoh3qMKDL,https://api.spotify.com/v1/tracks/1Es7AUAhQvapIcoh3qMKDL,https://api.spotify.com/v1/audio-analysis/1Es7AUAhQvapIcoh3qMKDL,256000,4
Si Antes Te Hubiera Conocido,KAROL G,spotify:track:6WatFBLVB0x077xWeoVc2k,0.924,0.668,11,-6.795,1,0.0469,0.446,0.000594,0.0678,0.787,128.027,audio_features,6WatFBLVB0x077xWeoVc2k,spotify:track:6WatFBLVB0x077xWeoVc2k,https://api.spotify.com/v1/tracks/6WatFBLVB0x077xWeoVc2k,https://api.spotify.com/v1/audio-analysis/6WatFBLVB0x077xWeoVc2k,195824,4
Beautiful Things,Benson Boone,spotify:track:3xkHsmpQCBMytMJNiDf3Ii,0.472,0.471,10,-5.692,1,0.0603,0.151,0.0,0.14,0.219,105.029,audio_features,3xkHsmpQCBMytMJNiDf3Ii,spotify:track:3xkHsmpQCBMytMJNiDf3Ii,https://api.spotify.com/v1/tracks/3xkHsmpQCBMytMJNiDf3Ii,https://api.spotify.com/v1/audio-analysis/3xkHsmpQCBMytMJNiDf3Ii,180304,3
Please Please Please,Sabrina Carpenter,spotify:track:2tHwzyyOLoWSFqYNjeVMzj,0.675,0.586,9,-6.086,1,0.0531,0.257,0.0,0.104,0.621,107.015,audio_features,2tHwzyyOLoWSFqYNjeVMzj,spotify:track:2tHwzyyOLoWSFqYNjeVMzj,https://api.spotify.com/v1/tracks/2tHwzyyOLoWSFqYNjeVMzj,https://api.spotify.com/v1/audio-analysis/2tHwzyyOLoWSFqYNjeVMzj,186365,4
The Night We Met,Lord Huron,spotify:track:3hRV0jL3vUpRrcy398teAU,0.448,0.369,9,-9.514,1,0.0452,0.968,0.272,0.638,0.0998,174.097,audio_features,3hRV0jL3vUpRrcy398teAU,spotify:track:3hRV0jL3vUpRrcy398teAU,https://api.spotify.com/v1/tracks/3hRV0jL3vUpRrcy398teAU,https://api.spotify.com/v1/audio-analysis/3hRV0jL3vUpRrcy398teAU,208212,3
"I Love You, I'm Sorry",Gracie Abrams,spotify:track:51rfRCiUSvxXlCSCfIztBy,0.53,0.406,10,-7.507,1,0.033,0.656,0.0,0.133,0.338,115.94,audio_features,51rfRCiUSvxXlCSCfIztBy,spotify:track:51rfRCiUSvxXlCSCfIztBy,https://api.spotify.com/v1/tracks/51rfRCiUSvxXlCSCfIztBy,https://api.spotify.com/v1/audio-analysis/51rfRCiUSvxXlCSCfIztBy,157147,3
Sweater Weather,The Neighbourhood,spotify:track:2QjOHCTQ1Jl3zawyYOpxh6,0.612,0.807,10,-2.81,1,0.0336,0.0495,0.0177,0.101,0.398,124.053,audio_features,2QjOHCTQ1Jl3zawyYOpxh6,spotify:track:2QjOHCTQ1Jl3zawyYOpxh6,https://api.spotify.com/v1/tracks/2QjOHCTQ1Jl3zawyYOpxh6,https://api.spotify.com/v1/audio-analysis/2QjOHCTQ1Jl3zawyYOpxh6,240400,4
Lose Control,Teddy Swims,spotify:track:17phhZDn6oGtzMe56NuWvj,0.561,0.604,9,-4.409,1,0.0337,0.199,1.9e-05,0.104,0.242,159.92,audio_features,17phhZDn6oGtzMe56NuWvj,spotify:track:17phhZDn6oGtzMe56NuWvj,https://api.spotify.com/v1/tracks/17phhZDn6oGtzMe56NuWvj,https://api.spotify.com/v1/audio-analysis/17phhZDn6oGtzMe56NuWvj,210689,3
That's What I Like,Bruno Mars,spotify:track:0KKkJNfGyhkQ5aFogxQAPU,0.853,0.56,1,-4.961,1,0.0406,0.013,0.0,0.0944,0.86,134.066,audio_features,0KKkJNfGyhkQ5aFogxQAPU,spotify:track:0KKkJNfGyhkQ5aFogxQAPU,https://api.spotify.com/v1/tracks/0KKkJNfGyhkQ5aFogxQAPU,https://api.spotify.com/v1/audio-analysis/0KKkJNfGyhkQ5aFogxQAPU,206693,4
See You Again (feat. Kali Uchis),"Tyler, The Creator, Kali Uchis",spotify:track:7KA4W4McWYRpgf0fWsJZWB,0.558,0.559,6,-9.222,1,0.0959,0.371,7.49e-06,0.109,0.62,78.558,audio_features,7KA4W4McWYRpgf0fWsJZWB,spotify:track:7KA4W4McWYRpgf0fWsJZWB,https://api.spotify.com/v1/tracks/7KA4W4McWYRpgf0fWsJZWB,https://api.spotify.com/v1/audio-analysis/7KA4W4McWYRpgf0fWsJZWB,180387,4
I Wanna Be Yours,Arctic Monkeys,spotify:track:5XeFesFbtLpXzIVDNQP22n,0.464,0.417,0,-9.345,0,0.0256,0.136,0.022,0.0974,0.479,67.528,audio_features,5XeFesFbtLpXzIVDNQP22n,spotify:track:5XeFesFbtLpXzIVDNQP22n,https://api.spotify.com/v1/tracks/5XeFesFbtLpXzIVDNQP22n,https://api.spotify.com/v1/audio-analysis/5XeFesFbtLpXzIVDNQP22n,183956,4
Locked out of Heaven,Bruno Mars,spotify:track:3w3y8KPTfNeOKPiqUTakBh,0.726,0.698,5,-4.165,1,0.0431,0.049,0.0,0.309,0.867,143.994,audio_features,3w3y8KPTfNeOKPiqUTakBh,spotify:track:3w3y8KPTfNeOKPiqUTakBh,https://api.spotify.com/v1/tracks/3w3y8KPTfNeOKPiqUTakBh,https://api.spotify.com/v1/audio-analysis/3w3y8KPTfNeOKPiqUTakBh,233478,4
+57,"KAROL G, Feid, DFZM, Ovy On The Drums, J Balvin, Maluma, Ryan Castro, Blessd",spotify:track:3mg9jYNC1NihbthlglzrWP,0.848,0.712,1,-3.574,0,0.0981,0.221,0.0,0.106,0.692,91.98,audio_features,3mg9jYNC1NihbthlglzrWP,spotify:track:3mg9jYNC1NihbthlglzrWP,https://api.spotify.com/v1/tracks/3mg9jYNC1NihbthlglzrWP,https://api.spotify.com/v1/audio-analysis/3mg9jYNC1NihbthlglzrWP,298131,4
Yellow,Coldplay,spotify:track:3AJwUDP919kvQ9QcozQPxg,0.429,0.661,11,-7.227,1,0.0281,0.00239,0.000121,0.234,0.285,173.372,audio_features,3AJwUDP919kvQ9QcozQPxg,spotify:track:3AJwUDP919kvQ9QcozQPxg,https://api.spotify.com/v1/tracks/3AJwUDP919kvQ9QcozQPxg,https://api.spotify.com/v1/audio-analysis/3AJwUDP919kvQ9QcozQPxg,266773,4
St. Chroma (feat. Daniel Caesar),"Tyler, The Creator, Daniel Caesar",spotify:track:1QoyuMHNBe7lg3YW4Qtll4,0.576,0.884,0,-5.058,1,0.555,0.357,0.0,0.368,0.373,150.45,audio_features,1QoyuMHNBe7lg3YW4Qtll4,spotify:track:1QoyuMHNBe7lg3YW4Qtll4,https://api.spotify.com/v1/tracks/1QoyuMHNBe7lg3YW4Qtll4,https://api.spotify.com/v1/audio-analysis/1QoyuMHNBe7lg3YW4Qtll4,197020,4
"One Of The Girls (with JENNIE, Lily Rose Depp)","The Weeknd, JENNIE, Lily-Rose Depp",spotify:track:7CyPwkp0oE8Ro9Dd5CUDjW,0.264,0.64,8,-6.221,1,0.0442,0.0393,2.31e-06,0.151,0.19,84.828,audio_features,7CyPwkp0oE8Ro9Dd5CUDjW,spotify:track:7CyPwkp0oE8Ro9Dd5CUDjW,https://api.spotify.com/v1/tracks/7CyPwkp0oE8Ro9Dd5CUDjW,https://api.spotify.com/v1/audio-analysis/7CyPwkp0oE8Ro9Dd5CUDjW,244685,4
Moonlit Floor (Kiss Me),LISA,spotify:track:3yDRcs0Y4pPzkvMbUfeF9H,0.733,0.786,5,-3.951,0,0.112,0.128,0.0,0.31,0.672,109.954,audio_features,3yDRcs0Y4pPzkvMbUfeF9H,spotify:track:3yDRcs0Y4pPzkvMbUfeF9H,https://api.spotify.com/v1/tracks/3yDRcs0Y4pPzkvMbUfeF9H,https://api.spotify.com/v1/audio-analysis/3yDRcs0Y4pPzkvMbUfeF9H,155757,4
Night Changes,One Direction,spotify:track:5O2P9iiztwhomNh8xkR9lJ,0.672,0.52,8,-7.747,1,0.0353,0.859,0.0,0.115,0.37,120.001,audio_features,5O2P9iiztwhomNh8xkR9lJ,spotify:track:5O2P9iiztwhomNh8xkR9lJ,https://api.spotify.com/v1/tracks/5O2P9iiztwhomNh8xkR9lJ,https://api.spotify.com/v1/audio-analysis/5O2P9iiztwhomNh8xkR9lJ,226600,4
Bed Chem,Sabrina Carpenter,spotify:track:1UHS8Rf6h5Ar3CDWRd3wjF,0.739,0.727,11,-5.968,0,0.0426,0.0678,0.0,0.104,0.676,94.99,audio_features,1UHS8Rf6h5Ar3CDWRd3wjF,spotify:track:1UHS8Rf6h5Ar3CDWRd3wjF,https://api.spotify.com/v1/tracks/1UHS8Rf6h5Ar3CDWRd3wjF,https://api.spotify.com/v1/audio-analysis/1UHS8Rf6h5Ar3CDWRd3wjF,171870,4
A Bar Song (Tipsy),Shaboozey,spotify:track:5fZJQrFKWQLb7FpJXZ1g7K,0.722,0.706,9,-4.857,1,0.0292,0.072,0.0,0.067,0.599,80.969,audio_features,5fZJQrFKWQLb7FpJXZ1g7K,spotify:track:5fZJQrFKWQLb7FpJXZ1g7K,https://api.spotify.com/v1/tracks/5fZJQrFKWQLb7FpJXZ1g7K,https://api.spotify.com/v1/audio-analysis/5fZJQrFKWQLb7FpJXZ1g7K,171292,4
EL LOKERON,Tito Double P,spotify:track:6X6m4xmdFcz31p1h7Qg68c,0.724,0.689,7,-7.174,0,0.0524,0.573,6.77e-06,0.0922,0.936,120.208,audio_features,6X6m4xmdFcz31p1h7Qg68c,spotify:track:6X6m4xmdFcz31p1h7Qg68c,https://api.spotify.com/v1/tracks/6X6m4xmdFcz31p1h7Qg68c,https://api.spotify.com/v1/audio-analysis/6X6m4xmdFcz31p1h7Qg68c,146141,3
Just the Way You Are,Bruno Mars,spotify:track:47Slg6LuqLaX0VodpSCvPt,0.635,0.841,5,-5.379,1,0.0422,0.0134,0.0,0.0622,0.424,109.021,audio_features,47Slg6LuqLaX0VodpSCvPt,spotify:track:47Slg6LuqLaX0VodpSCvPt,https://api.spotify.com/v1/tracks/47Slg6LuqLaX0VodpSCvPt,https://api.spotify.com/v1/audio-analysis/47Slg6LuqLaX0VodpSCvPt,220734,4
The Emptiness Machine,Linkin Park,spotify:track:2PnlsTsOTLE5jnBnNe2K0A,0.466,0.872,7,-3.344,1,0.0336,0.0156,0.0,0.121,0.806,184.115,audio_features,2PnlsTsOTLE5jnBnNe2K0A,spotify:track:2PnlsTsOTLE5jnBnNe2K0A,https://api.spotify.com/v1/tracks/2PnlsTsOTLE5jnBnNe2K0A,https://api.spotify.com/v1/audio-analysis/2PnlsTsOTLE5jnBnNe2K0A,190428,4
DOS D√çAS,"Tito Double P, Peso Pluma",spotify:track:5lKFO0PrOC9jmOlPEdjHsL,0.745,0.513,1,-9.116,1,0.087,0.783,0.0,0.216,0.929,109.935,audio_features,5lKFO0PrOC9jmOlPEdjHsL,spotify:track:5lKFO0PrOC9jmOlPEdjHsL,https://api.spotify.com/v1/tracks/5lKFO0PrOC9jmOlPEdjHsL,https://api.spotify.com/v1/audio-analysis/5lKFO0PrOC9jmOlPEdjHsL,154620,3
Q U E V A S H A C E R H O Y ?,"Omar Courtz, De La Rose",spotify:track:0Sr7ssScx54yxdM2ols7nW,0.56,0.681,6,-6.304,0,0.244,0.103,0.0,0.106,0.388,155.079,audio_features,0Sr7ssScx54yxdM2ols7nW,spotify:track:0Sr7ssScx54yxdM2ols7nW,https://api.spotify.com/v1/tracks/0Sr7ssScx54yxdM2ols7nW,https://api.spotify.com/v1/audio-analysis/0Sr7ssScx54yxdM2ols7nW,223320,4
Too Sweet,Hozier,spotify:track:19XpFsce28aByvCC4g89tJ,0.74,0.643,10,-5.446,1,0.0413,0.041,0.00229,0.0407,0.96,117.025,audio_features,19XpFsce28aByvCC4g89tJ,spotify:track:19XpFsce28aByvCC4g89tJ,https://api.spotify.com/v1/tracks/19XpFsce28aByvCC4g89tJ,https://api.spotify.com/v1/audio-analysis/19XpFsce28aByvCC4g89tJ,251424,4
Iris,The Goo Goo Dolls,spotify:track:6Qyc6fS4DsZjB2mRW9DsQs,0.315,0.715,11,-8.072,0,0.0362,0.00125,7.97e-06,0.0942,0.497,155.925,audio_features,6Qyc6fS4DsZjB2mRW9DsQs,spotify:track:6Qyc6fS4DsZjB2mRW9DsQs,https://api.spotify.com/v1/tracks/6Qyc6fS4DsZjB2mRW9DsQs,https://api.spotify.com/v1/audio-analysis/6Qyc6fS4DsZjB2mRW9DsQs,289533,3
DEGENERE üëë (feat. benny blanco),"Myke Towers, benny blanco",spotify:track:0qeIFEGRQqHoaJtLCl0U73,0.744,0.709,6,-5.778,0,0.284,0.0501,0.0,0.0847,0.712,194.055,audio_features,0qeIFEGRQqHoaJtLCl0U73,spotify:track:0qeIFEGRQqHoaJtLCl0U73,https://api.spotify.com/v1/tracks/0qeIFEGRQqHoaJtLCl0U73,https://api.spotify.com/v1/audio-analysis/0qeIFEGRQqHoaJtLCl0U73,130880,4
S√£o Paulo (feat. Anitta),"The Weeknd, Anitta",spotify:track:0xGQTpN4ESETtl1Sp6rzd2,0.574,0.659,5,-7.377,0,0.0768,0.0412,0.0002,0.0921,0.506,127.347,audio_features,0xGQTpN4ESETtl1Sp6rzd2,spotify:track:0xGQTpN4ESETtl1Sp6rzd2,https://api.spotify.com/v1/tracks/0xGQTpN4ESETtl1Sp6rzd2,https://api.spotify.com/v1/audio-analysis/0xGQTpN4ESETtl1Sp6rzd2,301623,4
Mantra,JENNIE,spotify:track:2CspwnypzT7rcWI9RfsoSb,0.894,0.725,10,-4.984,0,0.0432,0.00434,1.15e-05,0.0815,0.838,116.988,audio_features,2CspwnypzT7rcWI9RfsoSb,spotify:track:2CspwnypzT7rcWI9RfsoSb,https://api.spotify.com/v1/tracks/2CspwnypzT7rcWI9RfsoSb,https://api.spotify.com/v1/audio-analysis/2CspwnypzT7rcWI9RfsoSb,136627,4
we can't be friends (wait for your love),Ariana Grande,spotify:track:51ZQ1vr10ffzbwIjDCwqm4,0.645,0.646,5,-8.334,1,0.0427,0.0615,3.04e-05,0.074,0.295,115.842,audio_features,51ZQ1vr10ffzbwIjDCwqm4,spotify:track:51ZQ1vr10ffzbwIjDCwqm4,https://api.spotify.com/v1/tracks/51ZQ1vr10ffzbwIjDCwqm4,https://api.spotify.com/v1/audio-analysis/51ZQ1vr10ffzbwIjDCwqm4,228639,4
Riptide,Vance Joy,spotify:track:2uXlHCUbq9OMUwx3hrk06o,0.483,0.731,1,-6.696,1,0.0381,0.436,0.0,0.151,0.484,101.654,audio_features,2uXlHCUbq9OMUwx3hrk06o,spotify:track:2uXlHCUbq9OMUwx3hrk06o,https://api.spotify.com/v1/tracks/2uXlHCUbq9OMUwx3hrk06o,https://api.spotify.com/v1/audio-analysis/2uXlHCUbq9OMUwx3hrk06o,204280,4
NEL,Fuerza Regida,spotify:track:5AH31dDNgxCMGDdxubNNn4,0.69,0.482,7,-6.335,0,0.2,0.523,0.0004,0.0728,0.356,100.029,audio_features,5AH31dDNgxCMGDdxubNNn4,spotify:track:5AH31dDNgxCMGDdxubNNn4,https://api.spotify.com/v1/tracks/5AH31dDNgxCMGDdxubNNn4,https://api.spotify.com/v1/audio-analysis/5AH31dDNgxCMGDdxubNNn4,149074,4
NIGHTS LIKE THIS,The Kid LAROI,spotify:track:1XBYiRV30ykHw5f4wm6qEn,0.482,0.757,6,-4.586,1,0.0355,0.0137,0.0016,0.143,0.12,142.579,audio_features,1XBYiRV30ykHw5f4wm6qEn,spotify:track:1XBYiRV30ykHw5f4wm6qEn,https://api.spotify.com/v1/tracks/1XBYiRV30ykHw5f4wm6qEn,https://api.spotify.com/v1/audio-analysis/1XBYiRV30ykHw5f4wm6qEn,86984,4
"Sticky (feat. GloRilla, Sexyy Red & Lil Wayne)","Tyler, The Creator, GloRilla, Sexyy Red, Lil Wayne",spotify:track:3tFed7YsjGnIfxeLEQwx3R,0.505,0.812,1,-3.986,1,0.461,0.285,0.0,0.444,0.664,80.09,audio_features,3tFed7YsjGnIfxeLEQwx3R,spotify:track:3tFed7YsjGnIfxeLEQwx3R,https://api.spotify.com/v1/tracks/3tFed7YsjGnIfxeLEQwx3R,https://api.spotify.com/v1/audio-analysis/3tFed7YsjGnIfxeLEQwx3R,255916,4
Presidente,"Gabito Ballesteros, Natanael Cano, Luis R Conriquez, Neton Vega",spotify:track:4OLT65TRsOx3Iv1TlCcQVb,0.732,0.827,11,-4.152,1,0.0585,0.123,0.0,0.117,0.584,105.145,audio_features,4OLT65TRsOx3Iv1TlCcQVb,spotify:track:4OLT65TRsOx3Iv1TlCcQVb,https://api.spotify.com/v1/tracks/4OLT65TRsOx3Iv1TlCcQVb,https://api.spotify.com/v1/audio-analysis/4OLT65TRsOx3Iv1TlCcQVb,181065,1
End of Beginning,Djo,spotify:track:3qhlB30KknSejmIvZZLjOD,0.689,0.454,2,-7.643,1,0.0584,0.0351,0.00259,0.0707,0.912,159.982,audio_features,3qhlB30KknSejmIvZZLjOD,spotify:track:3qhlB30KknSejmIvZZLjOD,https://api.spotify.com/v1/tracks/3qhlB30KknSejmIvZZLjOD,https://api.spotify.com/v1/audio-analysis/3qhlB30KknSejmIvZZLjOD,159246,4
FE!N (feat. Playboi Carti),"Travis Scott, Playboi Carti",spotify:track:42VsgItocQwOQC3XWZ8JNA,0.569,0.882,3,-2.777,0,0.06,0.0316,0.0,0.142,0.201,148.038,audio_features,42VsgItocQwOQC3XWZ8JNA,spotify:track:42VsgItocQwOQC3XWZ8JNA,https://api.spotify.com/v1/tracks/42VsgItocQwOQC3XWZ8JNA,https://api.spotify.com/v1/audio-analysis/42VsgItocQwOQC3XWZ8JNA,191701,4
In the End,Linkin Park,spotify:track:60a0Rd6pjrkxjPbaKzXjfq,0.556,0.864,3,-5.87,0,0.0584,0.00958,0.0,0.209,0.4,105.143,audio_features,60a0Rd6pjrkxjPbaKzXjfq,spotify:track:60a0Rd6pjrkxjPbaKzXjfq,https://api.spotify.com/v1/tracks/60a0Rd6pjrkxjPbaKzXjfq,https://api.spotify.com/v1/audio-analysis/60a0Rd6pjrkxjPbaKzXjfq,216880,4
